{
  "HTTP Request-1" : {
    "transaction" : "HTTP Request-1",
    "sampleCount" : 2499,
    "errorCount" : 1395,
    "errorPct" : 55.82233,
    "meanResTime" : 26037.312925170096,
    "medianResTime" : 21626.0,
    "minResTime" : 998.0,
    "maxResTime" : 330307.0,
    "pct1ResTime" : 29183.0,
    "pct2ResTime" : 29616.0,
    "pct3ResTime" : 326067.0,
    "throughput" : 6.830388257964003,
    "receivedKBytesPerSec" : 13.117668807996118,
    "sentKBytesPerSec" : 0.4213900619080808
  },
  "Total" : {
    "transaction" : "Total",
    "sampleCount" : 7498,
    "errorCount" : 2791,
    "errorPct" : 37.22326,
    "meanResTime" : 20920.66937850089,
    "medianResTime" : 12256.5,
    "minResTime" : 396.0,
    "maxResTime" : 339447.0,
    "pct1ResTime" : 34938.1,
    "pct2ResTime" : 37927.1,
    "pct3ResTime" : 327794.07,
    "throughput" : 20.46341529980077,
    "receivedKBytesPerSec" : 31.67840446409077,
    "sentKBytesPerSec" : 2.74639513284299
  },
  "HTTP Request-0" : {
    "transaction" : "HTTP Request-0",
    "sampleCount" : 2499,
    "errorCount" : 0,
    "errorPct" : 0.0,
    "meanResTime" : 5189.823529411777,
    "medianResTime" : 4551.0,
    "minResTime" : 396.0,
    "maxResTime" : 20576.0,
    "pct1ResTime" : 11629.0,
    "pct2ResTime" : 12173.0,
    "pct3ResTime" : 12648.0,
    "throughput" : 57.44035305475107,
    "receivedKBytesPerSec" : 23.05467295459247,
    "sentKBytesPerSec" : 8.021455553544339
  },
  "HTTP Request" : {
    "transaction" : "HTTP Request",
    "sampleCount" : 2500,
    "errorCount" : 1396,
    "errorPct" : 55.84,
    "meanResTime" : 31530.62600000002,
    "medianResTime" : 27373.0,
    "minResTime" : 1456.0,
    "maxResTime" : 339447.0,
    "pct1ResTime" : 38123.8,
    "pct2ResTime" : 38553.09999999999,
    "pct3ResTime" : 337532.95,
    "throughput" : 6.822957888703911,
    "receivedKBytesPerSec" : 15.842830926250647,
    "sentKBytesPerSec" : 1.373197566421495
  }
}